strategy,num_days,mean_return,cumulative_return,sharpe,switch_count,same_code_streak_days,avg_entry_cost_bps,avg_exit_cost_bps,state_column,state_quantile,state_threshold,bad_side,gated_off_rate
baseline,242,-0.01549813051239669,-0.9921758832935496,-2.6430809488801628,171,70,0.0,0.0,,,,,
residualized,242,-0.0126024692677686,-0.9845444548474125,-2.1302752050206153,160,81,0.0,0.0,,,,,
residualized_state_gated_cash,242,-0.009085673854545461,-0.9546047531989367,-1.7071882521543733,173,68,0.0,0.0,market_cc_std,0.8,0.024126322617297222,high,0.2024793388429752
