strategy,num_days,mean_return,cumulative_return,sharpe,switch_count,same_code_streak_days,avg_entry_cost_bps,avg_exit_cost_bps,state_column,state_quantile,state_threshold,bad_side,gated_off_rate
baseline,242,0.04892835781818181,40.0088822362065,2.357733208348017,140,101,0.0,0.0,,,,,
residualized,242,0.020598275823264466,70.21912423196883,4.306255828053362,141,100,0.0,0.0,,,,,
residualized_state_gated_cash,242,0.019825655560041327,63.82301504415726,4.437628300265817,142,99,0.0,0.0,market_cc_std,0.8,0.028898019361916223,high,0.2024793388429752
