run,strategy,num_days,mean_return,cumulative_return,sharpe,switch_count,same_code_streak_days,avg_entry_cost_bps,avg_exit_cost_bps,state_column,state_quantile,state_threshold,bad_side,gated_off_rate
Transformer_2021_single_head_csrank_topq_v1,baseline,242,0.0489283578181818,40.0088822362065,2.357733208348017,140,101,0.0,0.0,,,,,
Transformer_2021_single_head_csrank_topq_v1,residualized,242,0.0205982758232644,70.21912423196883,4.306255828053362,141,100,0.0,0.0,,,,,
Transformer_2021_single_head_csrank_topq_v1,residualized_state_gated_cash,242,0.0198256555600413,63.82301504415726,4.437628300265817,142,99,0.0,0.0,market_cc_std,0.8,0.0288980193619162,high,0.2024793388429752
Transformer_2025_single_head_csrank_topq_v1,baseline,242,-0.015172266334876,-0.9918221357227106,-2.538136040427048,173,68,0.0,0.0,,,,,
Transformer_2025_single_head_csrank_topq_v1,residualized,242,-0.0107501827152892,-0.9759877482329676,-1.8035019030770985,150,91,0.0,0.0,,,,,
Transformer_2025_single_head_csrank_topq_v1,residualized_state_gated_cash,242,-0.0058904357896694,-0.902376664342782,-1.0953095474089722,167,74,0.0,0.0,market_cc_std,0.8,0.0241263226172972,high,0.2024793388429752
Transformer_2025_stage2topheavy_topk_csrank_topq_headcand_v2,baseline,242,-0.0154981305123966,-0.9921758832935496,-2.6430809488801628,171,70,0.0,0.0,,,,,
Transformer_2025_stage2topheavy_topk_csrank_topq_headcand_v2,residualized,242,-0.0126024692677686,-0.9845444548474124,-2.1302752050206157,160,81,0.0,0.0,,,,,
Transformer_2025_stage2topheavy_topk_csrank_topq_headcand_v2,residualized_state_gated_cash,242,-0.0090856738545454,-0.9546047531989368,-1.7071882521543733,173,68,0.0,0.0,market_cc_std,0.8,0.0241263226172972,high,0.2024793388429752
