{
  "market_cc_mean": {
    "median": 0.0023046129245791035,
    "low": {
      "num_days": 121,
      "top1_mean_return": -0.012048926792561983,
      "top3_mean_return": -0.009206030082479342,
      "top5_mean_return": -0.007479319495933884,
      "top10_mean_return": -0.004065179534859503,
      "top1_sharpe": -1.8929739178168177,
      "top3_sharpe": -2.5551638313510416,
      "top5_sharpe": -2.5291188642485625,
      "top10_sharpe": -1.5619170158949407
    },
    "high": {
      "num_days": 121,
      "top1_mean_return": -0.018947334232231404,
      "top3_mean_return": -0.01110006008402204,
      "top5_mean_return": -0.009677877590578515,
      "top10_mean_return": -0.009479647339719007,
      "top1_sharpe": -3.570750921113912,
      "top3_sharpe": -3.097701216840554,
      "top5_sharpe": -3.400241733587264,
      "top10_sharpe": -4.519866443574872
    }
  },
  "market_cc_std": {
    "median": 0.02201499983358611,
    "low": {
      "num_days": 121,
      "top1_mean_return": -0.016191895061983468,
      "top3_mean_return": -0.005128560129862259,
      "top5_mean_return": -0.004125953338743801,
      "top10_mean_return": -0.004901892748876032,
      "top1_sharpe": -2.8931443553899214,
      "top3_sharpe": -1.4900573623549107,
      "top5_sharpe": -1.5910483395973496,
      "top10_sharpe": -2.3355971439296286
    },
    "high": {
      "num_days": 121,
      "top1_mean_return": -0.014804365962809918,
      "top3_mean_return": -0.015177530036639115,
      "top5_mean_return": -0.013031243747768595,
      "top10_mean_return": -0.00864293412570248,
      "top1_sharpe": -2.4195176347584004,
      "top3_sharpe": -4.088385355084287,
      "top5_sharpe": -4.126216694859117,
      "top10_sharpe": -3.31482676764874
    }
  },
  "market_amount_top10_share": {
    "median": 0.7413304460022555,
    "low": {
      "num_days": 121,
      "top1_mean_return": -0.020124104395867766,
      "top3_mean_return": -0.01366114481829201,
      "top5_mean_return": -0.013113593085024796,
      "top10_mean_return": -0.008853364050636364,
      "top1_sharpe": -3.3840402987570712,
      "top3_sharpe": -4.041815896128904,
      "top5_sharpe": -4.675429362740828,
      "top10_sharpe": -3.7507417326473944
    },
    "high": {
      "num_days": 121,
      "top1_mean_return": -0.010872156628925623,
      "top3_mean_return": -0.006644945348209368,
      "top5_mean_return": -0.004043604001487603,
      "top10_mean_return": -0.004691462823942149,
      "top1_sharpe": -1.886005911691933,
      "top3_sharpe": -1.7568074498977835,
      "top5_sharpe": -1.3610829157740043,
      "top10_sharpe": -1.9781062612415934
    }
  },
  "market_amplitude_mean": {
    "median": 2.9380720164256378,
    "low": {
      "num_days": 121,
      "top1_mean_return": -0.016290280812396692,
      "top3_mean_return": -0.002906486629311296,
      "top5_mean_return": -0.0038219824192396684,
      "top10_mean_return": -0.0027437740315206607,
      "top1_sharpe": -2.96859753349147,
      "top3_sharpe": -0.8378736585926209,
      "top5_sharpe": -1.379927358367698,
      "top10_sharpe": -1.272890763081794
    },
    "high": {
      "num_days": 121,
      "top1_mean_return": -0.014705980212396696,
      "top3_mean_return": -0.017399603537190084,
      "top5_mean_return": -0.013335214667272726,
      "top10_mean_return": -0.010801052843057853,
      "top1_sharpe": -2.365570722369322,
      "top3_sharpe": -4.757051717952718,
      "top5_sharpe": -4.443749897643001,
      "top10_sharpe": -4.251017456442769
    }
  },
  "market_vol_20_mean": {
    "median": 0.021242721204419366,
    "low": {
      "num_days": 121,
      "top1_mean_return": -0.017172915120661155,
      "top3_mean_return": -0.01140392053096419,
      "top5_mean_return": -0.01040093129494215,
      "top10_mean_return": -0.007453826457057851,
      "top1_sharpe": -3.0050032741857375,
      "top3_sharpe": -3.455944442509644,
      "top5_sharpe": -3.8023322756922235,
      "top10_sharpe": -3.3511263023007425
    },
    "high": {
      "num_days": 121,
      "top1_mean_return": -0.013823345904132233,
      "top3_mean_return": -0.008902169635537189,
      "top5_mean_return": -0.006756265791570248,
      "top10_mean_return": -0.006091000417520662,
      "top1_sharpe": -2.301203529884541,
      "top3_sharpe": -2.3041286613090657,
      "top5_sharpe": -2.2098501870137492,
      "top10_sharpe": -2.4306034131479355
    }
  }
}